{
  "$schema": "./node_modules/@angular/cli/lib/config/schema.json",
  "project": {
    "name": "angular-datatables-demo"
  },
  "apps": [
    {
      "root": "src",
      "outDir": "dist",
      "assets": [
        "assets",
        "archives",
        "data",
        "favicon.png"
      ],
      "index": "index.html",
      "main": "main.ts",
      "polyfills": "polyfills.ts",
      "test": "test.ts",
      "tsconfig": "tsconfig.app.json",
      "testTsconfig": "tsconfig.spec.json",
      "prefix": "app",
      "styles": [
        "../node_modules/datatables.net-dt/css/jquery.dataTables.css",
        "../node_modules/datatables.net-buttons-dt/css/buttons.dataTables.css",
        "../node_modules/datatables.net-colreorder-dt/css/colReorder.dataTables.css",
        "../node_modules/datatables.net-select-dt/css/select.dataTables.css",
        "../node_modules/materialize-css/dist/css/materialize.css",
        "styles.css"
      ],
      "scripts": [
        "../node_modules/jquery/dist/jquery.js",
        "../node_modules/tether/dist/js/tether.js",
        "../node_modules/datatables.net/js/jquery.dataTables.js",
        "../node_modules/datatables.net-buttons/js/dataTables.buttons.js",
        "../node_modules/datatables.net-buttons/js/buttons.colVis.js",
        "../node_modules/datatables.net-buttons/js/buttons.flash.js",
        "../node_modules/datatables.net-buttons/js/buttons.html5.js",
        "../node_modules/datatables.net-buttons/js/buttons.print.js",
        "../node_modules/datatables.net-colreorder/js/dataTables.colReorder.js",
        "../node_modules/datatables.net-select/js/dataTables.select.js"
      ],
      "environmentSource": "environments/environment.ts",
      "environments": {
        "dev": "environments/environment.ts",
        "prod": "environments/environment.prod.ts"
      }
    }
  ],
  "e2e": {
    "protractor": {
      "config": "./protractor.conf.js"
    }
  },
  "lint": [
    {
      "project": "src/tsconfig.app.json"
    },
    {
      "project": "src/tsconfig.spec.json"
    },
    {
      "project": "e2e/tsconfig.e2e.json"
    }
  ],
  "test": {
    "karma": {
      "config": "./karma.conf.js"
    }
  },
  "defaults": {
    "styleExt": "css",
    "component": {}
  }
}
